Код;Этап;Подраздел;Материал;Характеристика;Количество по проекту;Ед.;Лист;Статус;Примечание;Вопрос;Остаток на объекте;Уже заказано;К закупке после сверки
M001;1. Фундамент — только новые работы;Сваи террасы;Бетон для 3 свай С1;"БСТ В15 П4 W6; F150 / F75 — согласовать";0,531;м³;9–10;Согласовать;0,177 м³ на сваю × 3. В таблицах расходится морозостойкость.;Q01;;;
M002;1. Фундамент — только новые работы;Сваи террасы;Арматура каркасов свай;Ø10 А500С, ГОСТ 34028-2016;35,10 / 21,66;м / кг;10;По ведомости;"На 3 сваи; 11,70 м / 7,22 кг на сваю.";;;;
M003;1. Фундамент — только новые работы;Сваи террасы;Арматура каркасов свай;Ø8 А500С, ГОСТ 34028-2016;23,40 / 9,25;м / кг;10;Согласовать;"Сводная таблица. По таблице одной сваи: 6,70 × 3 = 20,10 м; 2,65 × 3 = 7,95 кг.";Q02;;;
M004;1. Фундамент — только новые работы;Ростверк террасы;Бетон ростверка;"БСТ В20 П4 W6; F100 / F150 — согласовать";3,70;м³;11;Согласовать;"В ведомости F100; в п. 2 примечаний F150.";Q03;;;
M005;1. Фундамент — только новые работы;Ростверк террасы;Арматура продольная;Ø12 А500С, ГОСТ 34028-2016;128,70 / 114,29;м / кг;11;По ведомости;;;;;
M006;1. Фундамент — только новые работы;Ростверк террасы;Арматура хомутов;Ø6 А240, ГОСТ 34028-2016;152,10 / 33,77;м / кг;11;Согласовать;"Ведомость: 152,10 м. Деталь: 95 шт. × 1,530 = 145,35 м. Запас не пояснён; согласовать раскрой.";Q04;;;
M007;1. Фундамент — только новые работы;Ростверк террасы;Дресва для подготовки;Для строительных работ;1,50;м³;11;По ведомости;;;;;
M008;1. Фундамент — только новые работы;Закладные стоек — до бетонирования;Закладная ЗД1;Комплект из листа и 4 стержней;3;компл.;12;По ведомости;"Не заказывать повторно её составляющие: лист 200×200×5 — 3 шт.; Ø12 А500, L245 — 12 шт. Общая масса по проекту 6,336 кг.";;;;
M009;1. Фундамент — только новые работы;Крыльцо — отдельная новая конструкция;Бетон ступеней крыльца;БСТ В15 П3 F150 W4, ГОСТ 7473-2010;5,76;м³;42.1;По ведомости;;;;;
M010;1. Фундамент — только новые работы;Крыльцо — отдельная новая конструкция;Арматура крыльца;"Ø12 А500С; в ведомости ссылка на ГОСТ 5781-82";339,30 / 301,30;м / кг;42.1;По ведомости;"Марка перенесена из ведомости; сертификат на поставляемую арматуру согласовать.";;;;
M011;1. Фундамент — только новые работы;Крыльцо — отдельная новая конструкция;Теплоизоляционные плиты;ПЕНОПЛЭКС ФУНДАМЕНТ, t=100 мм;1,43;м³;42.1;По ведомости;Эквивалент площади 14,30 м² при t=100 мм — пересчёт объёма.;;;;
M012;1. Фундамент — только новые работы;Пол по грунту тёплой части террасы — основание;Песок;"Слой 100 мм; тип пола 6";2,019;м³;34;Пересчёт;"20,19 м² × 0,100 м. Геометрический объём слоя, не объём поставки; коэффициенты уплотнения не заданы.";;;;
M013;1. Фундамент — только новые работы;Пол по грунту тёплой части террасы — основание;Щебень;"Утрамбованный слой 80 мм; фракция не указана";1,6152;м³;34;Пересчёт;20,19 м² × 0,080 м. Фракцию и объём в рыхлом состоянии согласовать.;;;;
M014;1. Фундамент — только новые работы;Пол по грунту тёплой части террасы — основание;Бетон подстилающего слоя;БСТ В15 П3 F100 W6, слой 80 мм;1,6152;м³;34;Пересчёт;"20,19 м² × 0,080 м. Отдельно от ростверка; не прибавлено к заводской спецификации.";;;;
M015;1. Фундамент — только новые работы;Пол по грунту тёплой части террасы — основание;Экструзионный пенополистирол;"ТЕХНОНИКОЛЬ, t=100 мм; точная марка не задана";2,019;м³;34;Пересчёт;"20,19 м² × 0,100 м. Укладка по очередности устройства пола; не дублировать с ПЕНОПЛЭКС крыльца.";;;;
M016;1. Фундамент — только новые работы;Добор и расходные материалы;Плёнка полиэтиленовая;"200 мкм — защита от пучения; плёнка пола — толщину уточнить";—;м²;10, 34;Нет количества;Нет площади с нахлёстами.;;;;
M017;1. Фундамент — только новые работы;Добор и расходные материалы;Гидроизоляция ростверка;Горячий битум в 3 прохода либо мастика ТЕХНОНИКОЛЬ №24 в 2 слоя;—;кг;11;Нет количества;"Нужны площадь обмазки и расход выбранного состава; варианты не суммировать.";;;;
M018;1. Фундамент — только новые работы;Добор и расходные материалы;Гидроизоляция крыльца;Горячий битум в 2 прохода;—;кг;42.1;Нет количества;Количество не приведено.;;;;
M019;1. Фундамент — только новые работы;Добор и расходные материалы;Щебёночно-песчаная смесь;"Засыпка крыльца; состав/фракция не указаны";—;м³;42.1;Нет количества;Объём засыпки в спецификации отсутствует.;;;;
M020;1. Фундамент — только новые работы;Добор и расходные материалы;Вязальная проволока;Ø1,2 мм, ГОСТ 3282-74;—;кг;11;Нет количества;"На ростверк; потребность уточнить по производству работ.";;;;
M021;1. Фундамент — только новые работы;Добор и расходные материалы;Опалубка и фиксаторы защитного слоя;По рабочим размерам и принятой системе;—;компл.;10–11, 42.1;Нет количества;"Вспомогательная потребность не специфицирована; учесть имеющийся комплект.";;;;
M022;Общий лимит кладки двух этажей;Общий лимит кладки на оба этажа;Газобетонные блоки несущих стен;t=300 мм, D500, B2,5, ГОСТ 31360-2007;111,10;м³;18;Общий лимит;"Общий объём: наружные стены 75,40 м³ + внутренние 35,70 м³. Распределения по этажам нет; длина/высота блока не заданы.";Q05;;;
M023;Общий лимит кладки двух этажей;Общий лимит кладки на оба этажа;Газобетонные блоки перегородок;t=150 мм, D500, B2,5, ГОСТ 31360-2007;22,17;м³;18;Общий лимит;Вся потребность двух этажей. Нужна поэтажная раскладка, затем пересчёт в поддоны по конкретному блоку.;Q05;;;
M024;Общий лимит кладки двух этажей;Общий лимит кладки на оба этажа;Кладочная смесь для газобетона;"ГОСТ 31356-2007 по ведомости; бренд/фасовка не указаны";3350;кг;18;Общий лимит;"Общий объём на оба этажа; в примечаниях применяется ГОСТ 31356-2013. Сезонность согласовать.";Q05;;;
M025;Общий лимит кладки двух этажей;Общий лимит кладки на оба этажа;Арматура кладки;Ø8 А500С, ГОСТ 34028-2016;538,20;м;18;Общий лимит;Отдельно от свай, железобетонных поясов и пояса под потолочные балки. Уточнить включение связей перегородок.;Q05;;;
M026;2. Стены первого этажа;Перемычки первого этажа;Перемычка полистиролбетонная;ППБу 15.40.25;2;шт.;20;По ведомости;"Колонка «1 этаж» ведомости; заводской подбор по точной марке.";;;;
M027;2. Стены первого этажа;Перемычки первого этажа;Перемычка полистиролбетонная;ППБу 17.40.25;2;шт.;20;По ведомости;"Колонка «1 этаж» ведомости; заводской подбор по точной марке.";;;;
M028;2. Стены первого этажа;Перемычки первого этажа;Перемычка полистиролбетонная;ППБу 25.40.25;1;шт.;20;По ведомости;"Колонка «1 этаж» ведомости; заводской подбор по точной марке.";;;;
M029;2. Стены первого этажа;Перемычки первого этажа;Перемычка полистиролбетонная;ППБу 29.40.25;2;шт.;20;По ведомости;"Колонка «1 этаж» ведомости; заводской подбор по точной марке.";;;;
M030;2. Стены первого этажа;Перемычки первого этажа;Уголок стальной;125×8, L=1400 мм, ГОСТ 8509-93;3;шт.;20;По ведомости;4,20 м / 64,932 кг по массе единицы в проекте.;;;;
M031;2. Стены первого этажа;Перемычки первого этажа;Уголок стальной;125×8, L=2000 мм, ГОСТ 8509-93;1;шт.;20;По ведомости;2,00 м / 30,920 кг по проекту.;;;;
M032;2. Стены первого этажа;Столбы террасы;Кирпич керамический полнотелый;"250×120×65, 1НФ; М150 / М125 — согласовать";490;шт.;12–13, 18;Согласовать;"Ведомость: 0,490 тыс. шт., М150; примечания: М125. Узел также содержит обозначение лицевого кирпича. Объём кладки 1,234 м³.";Q06;;;
M033;2. Стены первого этажа;Столбы террасы;Стойка С1, профильная труба;100×100×4, L=2850 мм, ГОСТ 32931-2015;3;шт.;12, 29;Согласовать;"По л.12: 8,55 м / 101,25 кг на 3 шт.; в узле кровли л.29 труба 140×140×5.";Q07;;;
M034;2. Стены первого этажа;Столбы террасы;Кладочный раствор;М100;—;м³;12–13;Нет количества;"Количество раствора для 1,234 м³ кладки не приведено; не заменять газобетонным клеем.";;;;
M035;2. Стены первого этажа;Столбы террасы;Заглушки профильных труб;По согласованному сечению стойки;—;шт.;12;Нет количества;Количество и исполнение согласовать после Q07.;Q07;;;
M036;2. Стены первого этажа;Добор кладки;Связи перегородок с несущими стенами;"Ø8, L=600 мм, заведение 200 мм; 3 уровня";—;шт.;2, 13;Согласовать;На л.2 класс А400С, на л.13 А500С. Количество и включение в 538,20 м не указаны.;Q08;;;
M037;2. Стены первого этажа;Добор кладки;Антикоррозионная эмаль и электроды;"ПФ-1189 в 2 слоя; Э42 для стоек";—;кг;12, 19;Нет количества;"На стальные стойки/перемычки. Расход по площади и объёму сварки; не повторять запас на каждом этапе.";;;;
M038;3. Межэтажное перекрытие;Армопояс под плиты — до монтажа перекрытия;Бетон пояса на отм. +2,850;БСТ В15 П3 F100 W4, ГОСТ 7473-2010;4,60;м³;21;По ведомости;;;;;
M039;3. Межэтажное перекрытие;Армопояс под плиты — до монтажа перекрытия;Арматура хомутов;Ø8 А240, ГОСТ 34028-2016;187,20 / 73,95;м / кг;21;Согласовать;"Таблица: 187,20 м; деталь: 188 × 0,960 = 180,48 м. Уточнить запас/раскрой.";Q04;;;
M040;3. Межэтажное перекрытие;Армопояс под плиты — до монтажа перекрытия;Арматура продольная;Ø12 А500С, ГОСТ 34028-2016;222,30 / 197,41;м / кг;21;По ведомости;;;;;
M041;3. Межэтажное перекрытие;Армопояс под плиты — до монтажа перекрытия;Арматура усиления;Ø16 А500С, ГОСТ 34028-2016;35,10 / 55,46;м / кг;21;По ведомости;;;;;
M042;3. Межэтажное перекрытие;Армопояс под плиты — до монтажа перекрытия;Термовкладыши;Минераловатный утеплитель t=100 мм;1,40;м³;21;По ведомости;14,00 м² в пересчёте. Проверить, что не дублирует общий фасадный объём.;;;;
M043;3. Межэтажное перекрытие;Сборные изделия — 17 плит;Плита перекрытия П1;"ПБ2 59.12-8п; ГОСТ 9561-2016";5;шт.;23;По ведомости;Масса одной плиты по проекту 2480 кг. Точные габариты и петли — по паспорту изделия.;;;;
M044;3. Межэтажное перекрытие;Сборные изделия — 17 плит;Плита перекрытия П2;"ПБ2 59.10-8п; ГОСТ 9561-2016";4;шт.;23;По ведомости;Масса одной плиты по проекту 2065 кг. Точные габариты и петли — по паспорту изделия.;;;;
M045;3. Межэтажное перекрытие;Сборные изделия — 17 плит;Плита перекрытия П3;"ПБ2 44.12-8п; ГОСТ 9561-2016";2;шт.;23;По ведомости;Масса одной плиты по проекту 1850 кг. Точные габариты и петли — по паспорту изделия.;;;;
M046;3. Межэтажное перекрытие;Сборные изделия — 17 плит;Плита перекрытия П4;"ПБ2 44.10-8п; ГОСТ 9561-2016";5;шт.;23;По ведомости;Масса одной плиты по проекту 1540 кг. Точные габариты и петли — по паспорту изделия.;;;;
M047;3. Межэтажное перекрытие;Сборные изделия — 17 плит;Плита перекрытия П5;"ПБ2 20.12-8п; ГОСТ 9561-2016";1;шт.;23;По ведомости;Масса одной плиты по проекту 840 кг. Точные габариты и петли — по паспорту изделия.;;;;
M048;3. Межэтажное перекрытие;Сборные изделия;Перемычка ПБ1;4ПБ 44-8п, серия 1.038.1-1;3;шт.;23;По ведомости;"384 кг/шт.; это дополнительно к 17 плитам, не путать с ППБу стен.";;;;
M049;3. Межэтажное перекрытие;Анкеровка — состав комплекта;Анкер А-1, элемент 1;Ø12 А240, L=950 мм;16;шт.;23;По ведомости;"15,20 м / 13,50 кг; вместе с элементом L300 образует 16 комплектов А-1.";;;;
M050;3. Межэтажное перекрытие;Анкеровка — состав комплекта;Анкер А-1, элемент 2;Ø12 А240, L=300 мм;16;шт.;23;По ведомости;4,80 м / 4,27 кг. Не заказывать ещё 16 собранных А-1 поверх этих деталей.;;;;
M051;3. Межэтажное перекрытие;Анкеровка — состав комплекта;Анкер А-2;Ø12 А240, L=1060 мм;24;шт.;22–23;По ведомости;25,44 м / 22,60 кг. Размер 730* на эскизе уточняется по месту.;;;;
M052;3. Межэтажное перекрытие;Металлоконструкции перекрытия;Швеллер;"27П, С245; L4400 в таблице / L4300 на схеме";2;шт.;22–23;Согласовать;Раскрой не запускать до исправления длины. В ведомости масса 121,88 кг/шт.;Q09;;;
M053;3. Межэтажное перекрытие;Металлоконструкции перекрытия;Швеллер из узла 1-1;24у, С245, L=4300 мм;—;шт.;23;Нет количества;Показан на разрезе, но в спецификации отсутствует. Нельзя принять количество 2 из строки 27П.;Q09;;;
M054;3. Межэтажное перекрытие;Металлоконструкции перекрытия;Уголок;160×10, С245, L=1350 мм, ГОСТ 8509-93;2;шт.;23;По ведомости;2,70 м / 74,34 кг.;;;;
M055;3. Межэтажное перекрытие;Монтажные материалы;Раствор под плиты и заделки;"М100; постель 20 мм";—;м³;23;Нет количества;"Объём не дан; определить по площадям опирания и узлам.";;;;
M056;3. Межэтажное перекрытие;Монтажные материалы;Бетон швов и местных заделок;В15 на мелком щебне;—;м³;23;Нет количества;"Не входит автоматически в 4,60 м³ армопояса; прочие параметры смеси согласовать.";;;;
M057;3. Межэтажное перекрытие;Монтажные материалы;Минераловатный утеплитель;Заполнение пустот плит в опорных зонах;—;м³;23;Нет количества;Объём/тип не указан. У вентиляционных шахт проект предусматривает бетон В15, а не минвату.;;;;
M058;3. Межэтажное перекрытие;Монтажные материалы;Утеплитель открытого снизу участка перекрытия;Минераловатный, t=100 мм;—;м²;13;Нет количества;Площадь и включение в общую фасадную ведомость уточнить.;;;;
M059;3. Межэтажное перекрытие;Монтажные материалы;Электроды и антикоррозионная эмаль;"Э42; ПФ-1189 в 2 слоя";—;кг;22–23;Нет количества;"Расход отсутствует; вместе с металлом и анкерами.";;;;
M060;3. Межэтажное перекрытие;Монтажные материалы;Вязальная проволока, фиксаторы, опалубка пояса;Проволока Ø1,2 мм ГОСТ 3282-74;—;компл.;21;Нет количества;"Количество не задано; учесть оборотную опалубку первого этапа.";;;;
M061;4. Стены второго этажа;Перемычки второго этажа;Перемычка полистиролбетонная;ППБу 15.40.25;1;шт.;20;По ведомости;Колонка «2 этаж» ведомости.;;;;
M062;4. Стены второго этажа;Перемычки второго этажа;Перемычка полистиролбетонная;ППБу 25.40.25;3;шт.;20;По ведомости;Колонка «2 этаж» ведомости.;;;;
M063;4. Стены второго этажа;Перемычки второго этажа;Перемычка полистиролбетонная;ППБу 13.30.25;2;шт.;20;По ведомости;Колонка «2 этаж» ведомости.;;;;
M064;4. Стены второго этажа;Перемычки второго этажа;Перемычка полистиролбетонная;ППБу 29.30.25;1;шт.;20;По ведомости;Колонка «2 этаж» ведомости.;;;;
M065;4. Стены второго этажа;Перемычки второго этажа;Уголок стальной;125×8, L=1400 мм, ГОСТ 8509-93;6;шт.;20;По ведомости;8,40 м / 129,864 кг по проекту.;;;;
M066;4. Стены второго этажа;Верхний железобетонный пояс;Бетон пояса на отм. +6,650;БСТ В15 П3 F100 W4, ГОСТ 7473-2010;4,60;м³;26;По ведомости;;;;;
M067;4. Стены второго этажа;Верхний железобетонный пояс;Арматура хомутов;Ø8 А240, ГОСТ 34028-2016;152,10 / 60,08;м / кг;26;Согласовать;"Таблица: 152,10 м; деталь: 156 × 0,960 = 149,76 м. Уточнить запас/раскрой.";Q04;;;
M068;4. Стены второго этажа;Верхний железобетонный пояс;Арматура продольная;Ø12 А500С, ГОСТ 34028-2016;257,40 / 228,58;м / кг;26;По ведомости;;;;;
M069;4. Стены второго этажа;Верхний железобетонный пояс;Термовкладыши;Минераловатные плиты t=100 мм;—;м³;26;Нет количества;Есть на разрезе пояса, но в его спецификации отсутствуют. Не копировать 1,40 м³ нижнего пояса.;Q10;;;
M070;4. Стены второго этажа;Добор кладки и пояса;Связи перегородок;"Ø8 А500С, L600 мм; 3 уровня";—;шт.;15;Нет количества;Нужны количество и подтверждение включения в общий лимит 538,20 м.;Q05;;;
M071;4. Стены второго этажа;Добор кладки и пояса;Проволока, фиксаторы, оборотная опалубка;Проволока Ø1,2 мм ГОСТ 3282-74;—;компл.;26;Нет количества;Не специфицировано.;;;;
M072;5. Крыша и чердачное перекрытие;Чердачное перекрытие и подготовка опор;Балка Б1;200×100, L5800 мм, ГОСТ 24454-80;16;шт.;25;По ведомости;"92,80 м; геометрически 1,856 м³. Не включена в кровельную сводную л.32.";;;;
M073;5. Крыша и чердачное перекрытие;Чердачное перекрытие и подготовка опор;Балка Б2;200×100, L4350 мм, ГОСТ 24454-80;16;шт.;25;По ведомости;"69,60 м; геометрически 1,392 м³. Не включена в кровельную сводную л.32.";;;;
M074;5. Крыша и чердачное перекрытие;Чердачное перекрытие и подготовка опор;Балка Б3;200×100, L600 мм по таблице;1;шт.;25;Согласовать;"В таблице масса 53,067 кг не согласуется с короткой балкой; длину/массу и проём сверить до раскроя.";Q11;;;
M075;5. Крыша и чердачное перекрытие;Чердачное перекрытие и подготовка опор;Полоса стальная;40×4, ГОСТ 103-2006;29,00;м;25;По ведомости;;;;;
M076;5. Крыша и чердачное перекрытие;Чердачное перекрытие и подготовка опор;Рулонная изоляция опор балок;Техноэласт ЭПП;38,50;м²;25;По ведомости;"По узлам обёртывание в 2 слоя; количество из ведомости, ещё раз на 2 не умножать.";;;;
M077;5. Крыша и чердачное перекрытие;Чердачное перекрытие и подготовка опор;Теплоизоляция потолка;"Isover Оптимал; плиты t100 мм, суммарный слой по примечаниям 200 мм";16,20;м³;24–25;Согласовать;Объём перенесён из ведомости. Проверить площадь/слои и отдельное утепление тёплой части террасы.;Q12;;;
M078;5. Крыша и чердачное перекрытие;Чердачное перекрытие и подготовка опор;Пароизоляционная мембрана;ТЕХНОНИКОЛЬ Альфа Барьер 3.0;105,00;м²;25;По ведомости;;;;;
M079;5. Крыша и чердачное перекрытие;Чердачное перекрытие и подготовка опор;Арматурный пояс под деревянные балки;Ø8 А500С, ГОСТ 34028-2016;70,20 / 27,73;м / кг;24–25;По ведомости;"2Ø8 в зоне опирания. Поставка до монтажа балок; не заменить верхним железобетонным поясом.";;;;
M080;5. Крыша и чердачное перекрытие;Чердачное перекрытие и подготовка опор;Доска чернового потолка;25×100, ГОСТ 24454-80;408,00;м;25;Согласовать;"По ведомости 1,020 м³ геометрически; на общих разрезах доска 25×150 — согласовать.";Q13;;;
M081;5. Крыша и чердачное перекрытие;Чердачное перекрытие и подготовка опор;Опора бруса металлическая;100×200;2;шт.;25;По ведомости;"Для Б3; уточнить комплект крепежа у поставщика.";;;;
M082;5. Крыша и чердачное перекрытие;Чердачное перекрытие и подготовка опор;Доска центральных узлов;25×100, по ведомости;15,00;м;25;Согласовать;На узле накладка 50×200×1000. Согласовать сечение и количество накладок.;Q13;;;
M083;5. Крыша и чердачное перекрытие;Чердачное перекрытие и подготовка опор;Лестница чердачная;Fakro LTK, 60×130×315 см, складная теплоизоляционная или согласованный аналог;1;компл.;24;Пересчёт;1 проём по плану. Габарит проёма и балку Б3 согласовать с паспортом выбранной модели.;Q11;;;
M084;5. Крыша и чердачное перекрытие;Чердачное перекрытие и подготовка опор;Гвозди, саморезы, антисептик опор;"Гвозди 5×100; саморезы 4,8×100; антисептик ТЕХНОНИКОЛЬ";—;компл.;25;Нет количества;Количество/расход не указаны.;;;;
M085;5. Крыша и чердачное перекрытие;Стропильная система — сводная для заказа;Доска стропил и подкосов;"40×200; сосна, 2 сорт; ГОСТ 24454-80";606,00;м;32;По ведомости;"4,848 м³ по сводной. Длины закупки уже округлены в проекте; не добавлять повторно деталировку.";;;;
M086;5. Крыша и чердачное перекрытие;Стропильная система — сводная для заказа;Доска обрешётки;"25×150; сосна, 2 сорт; ГОСТ 24454-80";444,00;м;32;Согласовать;"1,665 м³ по сводной. Длины закупки уже округлены в проекте; не добавлять повторно деталировку.";Q14;;;
M087;5. Крыша и чердачное перекрытие;Стропильная система — сводная для заказа;Доска карнизного короба и лобовая;"50×100; сосна, 2 сорт; ГОСТ 24454-80";156,00;м;32;По ведомости;"0,780 м³ по сводной. Длины закупки уже округлены в проекте; не добавлять повторно деталировку.";;;;
M088;5. Крыша и чердачное перекрытие;Стропильная система — сводная для заказа;Брусок контробрешётки;"40×40; сосна, 2 сорт; ГОСТ 24454-80";462,00;м;32;По ведомости;"0,740 м³ по сводной. Длины закупки уже округлены в проекте; не добавлять повторно деталировку.";;;;
M089;5. Крыша и чердачное перекрытие;Стропильная система — сводная для заказа;Брус мауэрлата и прогона;"150×150; сосна, 2 сорт; ГОСТ 24454-80";52,00;м;32;По ведомости;"1,170 м³ по сводной. Длины закупки уже округлены в проекте; не добавлять повторно деталировку.";;;;
M090;5. Крыша и чердачное перекрытие;Стропильная система — сводная для заказа;Брус прогонов;"100×200; сосна, 2 сорт; ГОСТ 24454-80";18,00;м;32;По ведомости;"0,360 м³ по сводной. Длины закупки уже округлены в проекте; не добавлять повторно деталировку.";;;;
M091;5. Крыша и чердачное перекрытие;Стропильная система — сводная для заказа;Брус лежня;"100×150; сосна, 2 сорт; ГОСТ 24454-80";4,00;м;32;По ведомости;"0,060 м³ по сводной. Длины закупки уже округлены в проекте; не добавлять повторно деталировку.";;;;
M092;5. Крыша и чердачное перекрытие;Стропильная система — сводная для заказа;Брус прогонов;"200×200; сосна, 2 сорт; ГОСТ 24454-80";18,00;м;32;По ведомости;"0,720 м³ по сводной. Длины закупки уже округлены в проекте; не добавлять повторно деталировку.";;;;
M093;5. Крыша и чердачное перекрытие;Покрытие, доборы, вентиляция;Ветро-влагозащитная мембрана;ISOBOX AM;280,00;м²;32;По ведомости;;;;;
M094;5. Крыша и чердачное перекрытие;Покрытие, доборы, вентиляция;Гибкая черепица;ТЕХНОНИКОЛЬ Финская, Аккорд серый;210,00;м²;32;По ведомости;Чистая площадь кровли в проекте 206,50 м². Раскрой и достаточность запаса проверить после контрольных замеров.;;;;
M095;5. Крыша и чердачное перекрытие;Покрытие, доборы, вентиляция;Черепица коньково-карнизная;Серый микс;10;упак.;32;По ведомости;Содержание упаковки и покрываемую длину подтвердить у поставщика.;;;;
M096;5. Крыша и чердачное перекрытие;Покрытие, доборы, вентиляция;Ковёр Anderep NEXT FIX;В таблице «ендовый», в узлах «подкладочный»;264,00;м²;32;Согласовать;"Не подменять один тип другим; уточнить отдельную потребность ендового ковра.";Q15;;;
M097;5. Крыша и чердачное перекрытие;Покрытие, доборы, вентиляция;Плиты OSB;t=9 мм;225,00;м²;32;По ведомости;Формат и класс плиты, карта раскроя и число листов не заданы. Не пересчитывать в листы без формата.;;;;
M098;5. Крыша и чердачное перекрытие;Покрытие, доборы, вентиляция;Аэратор;КТВ ТЕХНОНИКОЛЬ;4;шт.;32;По ведомости;;;;;
M099;5. Крыша и чердачное перекрытие;Покрытие, доборы, вентиляция;Карнизная планка;Профиль/цвет по узлам;74,00;м;32;По ведомости;Длина изделий и перехлёст — при комплектации поставщиком.;;;;
M100;5. Крыша и чердачное перекрытие;Покрытие, доборы, вентиляция;Коньковый элемент;Тип/комплектность уточнить;40,00;м;32;Согласовать;Уточнить назначение вместе с 10 упаковками коньково-карнизной черепицы, исключить дублирование.;Q16;;;
M101;5. Крыша и чердачное перекрытие;Покрытие, доборы, вентиляция;Ветровая (торцевая) планка;Профиль/цвет по узлам;16,00;м;32;По ведомости;;;;;
M102;5. Крыша и чердачное перекрытие;Покрытие, доборы, вентиляция;Планка примыкания;Профиль/цвет по узлам;18,00;м;32;По ведомости;;;;;
M103;5. Крыша и чердачное перекрытие;Покрытие, доборы, вентиляция;Угол наружный;50×50;90,00;м;32;По ведомости;;;;;
M104;5. Крыша и чердачное перекрытие;Покрытие, доборы, вентиляция;Угол внутренний;50×50;90,00;м;32;По ведомости;;;;;
M105;5. Крыша и чердачное перекрытие;Покрытие, доборы, вентиляция;Профлист подшивки;"С8; RAL 9003 по узлу л.29";120,00;м²;32;По ведомости;Подшивка свесов, потолка крыльца и террасы. Толщина металла и раскрой не указаны.;;;;
M106;5. Крыша и чердачное перекрытие;Покрытие, доборы, вентиляция;Проходной элемент;ТЕХНОНИКОЛЬ;5;шт.;32;По ведомости;"Комплектность с выходами согласовать; не заменяет дымоход.";;;;
M107;5. Крыша и чердачное перекрытие;Покрытие, доборы, вентиляция;Выход вентиляционный изолированный;ТЕХНОНИКОЛЬ D125/160;5;шт.;32;По ведомости;;;;;
M108;5. Крыша и чердачное перекрытие;Покрытие, доборы, вентиляция;Колпак;ТЕХНОНИКОЛЬ D160;5;шт.;32;По ведомости;;;;;
M109;5. Крыша и чердачное перекрытие;Водосток;Желоб полукруглый;"Grand Line 150×100; Ø150, L3 м";22;шт.;27;По ведомости;"Количество из ведомости; комплектность и цвет согласовать.";;;;
M110;5. Крыша и чердачное перекрытие;Водосток;Угол желоба наружный;"Grand Line 150×100; Ø150";4;шт.;27;По ведомости;"Количество из ведомости; комплектность и цвет согласовать.";;;;
M111;5. Крыша и чердачное перекрытие;Водосток;Соединитель желоба;"Grand Line 150×100; Ø150";26;шт.;27;По ведомости;"Количество из ведомости; комплектность и цвет согласовать.";;;;
M112;5. Крыша и чердачное перекрытие;Водосток;Заглушка желоба;"Grand Line 150×100; Ø150";4;шт.;27;По ведомости;"Количество из ведомости; комплектность и цвет согласовать.";;;;
M113;5. Крыша и чердачное перекрытие;Водосток;Крюк длинный;"Grand Line 150×100; 150 мм";112;шт.;27;По ведомости;"Количество из ведомости; комплектность и цвет согласовать.";;;;
M114;5. Крыша и чердачное перекрытие;Водосток;Воронка желоба;"Grand Line 150×100; Ø100";6;шт.;27;По ведомости;"Количество из ведомости; комплектность и цвет согласовать.";;;;
M115;5. Крыша и чердачное перекрытие;Водосток;Труба водосточная;"Grand Line 150×100; Ø100, L3 м";6;шт.;27;По ведомости;"Количество из ведомости; комплектность и цвет согласовать.";;;;
M116;5. Крыша и чердачное перекрытие;Водосток;Труба водосточная;"Grand Line 150×100; Ø100, L1 м";4;шт.;27;По ведомости;"Количество из ведомости; комплектность и цвет согласовать.";;;;
M117;5. Крыша и чердачное перекрытие;Водосток;Колено;"Grand Line 150×100; 60°, Ø100";12;шт.;27;По ведомости;"Количество из ведомости; комплектность и цвет согласовать.";;;;
M118;5. Крыша и чердачное перекрытие;Водосток;Колено стока;"Grand Line 150×100; Ø100";6;шт.;27;По ведомости;"Количество из ведомости; комплектность и цвет согласовать.";;;;
M119;5. Крыша и чердачное перекрытие;Водосток;Кронштейн трубы;"Grand Line 150×100; На камень";26;шт.;27;По ведомости;"Количество из ведомости; комплектность и цвет согласовать.";;;;
M120;5. Крыша и чердачное перекрытие;Крепёж и недостающие позиции;Шпилька мауэрлата;М12, L280 мм, шаг 1000 мм;—;шт.;29;Нет количества;"Нужны количество, гайки/шайбы и схема установки; подать до бетонирования верхнего пояса.";;;;
M121;5. Крыша и чердачное перекрытие;Крепёж и недостающие позиции;Шпильки прогонов ПР2/ПР4;М16, L280 мм, шаг 500 мм;—;шт.;28;Нет количества;Количество и анкеровку уточнить по рабочим узлам.;;;;
M122;5. Крыша и чердачное перекрытие;Крепёж и недостающие позиции;Опорные пластины и шпильки столбов;"Пластина 380×380×10; шпилька М16 L280";—;компл.;29;Нет количества;Число пластин/шпилек, сварку и сечение стойки согласовать с л.12.;Q07;;;
M123;5. Крыша и чердачное перекрытие;Крепёж и недостающие позиции;Усиленные крепёжные уголки и пластины;По узлам стропильной системы;—;шт.;29;Нет количества;Размеры, количество и крепёж в спецификации отсутствуют.;;;;
M124;5. Крыша и чердачное перекрытие;Крепёж и недостающие позиции;Гвозди стропильного узла;К 4,0×120;—;кг;29;Нет количества;Количество не указано.;;;;
M125;5. Крыша и чердачное перекрытие;Крепёж и недостающие позиции;"Крепёж OSB, черепицы и подшивки; герметизация мембран";По согласованной системе производителя;—;компл.;29, 32;Нет количества;Добор снабжения: точные марки/количество не специфицированы.;;;;
M126;5. Крыша и чердачное перекрытие;Крепёж и недостающие позиции;Защита древесины;Pirilax-Lux;—;л / кг;31;Нет количества;"Расход по площади обработки и инструкции; готовый объём не приведён.";;;;
M127;5. Крыша и чердачное перекрытие;Крепёж и недостающие позиции;Гидроизоляция мауэрлата и иных опор;Техноэласт ЭПП в 2 слоя;—;м²;29, 31;Нет количества;В кровельной ведомости нет количества. 38,50 м² потолочных балок не считать автоматически общим объёмом.;;;;
M128;5. Крыша и чердачное перекрытие;Крепёж и недостающие позиции;Утепление и пароизоляция кровли тёплой части террасы;"Минвата 200 мм; плёнка по узлу";—;м³ / м²;28;Нет количества;"Участок отмечен на плане; отдельная потребность не дана. Уточнить включение в л.25.";Q12;;;
M129;5. Крыша и чердачное перекрытие;Крепёж и недостающие позиции;Стойки С1 стропильной системы;"Показаны на плане; сечение/количество в ведомости не выделены";—;шт.;28, 32;Нет количества;Не путать со стальными стойками террасы С1 на л.12.;Q17;;;
M130;5. Крыша и чердачное перекрытие;Крепёж и недостающие позиции;Оголовок дымохода и узел прохода;Заводского изготовления;—;компл.;27;Нет количества;"На плане показан оголовок; спецификация кровли не определяет комплект дымохода. Согласовать с оборудованием.";;;;
M131;Приложение А. Фасад;Фасад — отдельная последующая поставка;Утеплитель фасада;Минеральная вата для штукатурных фасадов t100 мм;26,40;м³;13, 17–18;По ведомости;264,00 м² по пересчёту. Не считать дважды с утеплением поясов.;;;;
M132;Приложение А. Фасад;Фасад — отдельная последующая поставка;Дюбель тарельчатый;"10×180; в примечаниях встречается 10×190";1750;шт.;13, 17–18;Согласовать;Окончательную длину согласовать с системой фасада.;;;;
M133;Приложение А. Фасад;Фасад — отдельная последующая поставка;Штукатурно-клеевая смесь;Для минераловатных плит и базового слоя;3025;кг;13, 17–18;По ведомости;Общая строка: не покупать 3025 кг на клей и ещё 3025 кг на базовый слой.;;;;
M134;Приложение А. Фасад;Фасад — отдельная последующая поставка;Грунтовка водно-дисперсионная;ТУ 20.30.11-026-582-39148-2018;100;л;13, 17–18;По ведомости;;;;;
M135;Приложение А. Фасад;Фасад — отдельная последующая поставка;Декоративная минеральная штукатурка;ГОСТ Р 54358-2011;550;кг;13, 17–18;По ведомости;Колеровка/окраска по фасадам.;;;;
M136;Приложение А. Фасад;Фасад — отдельная последующая поставка;Планкен прямой;Лиственница, сорт В по примечаниям;30,56;м²;13, 17–18;По ведомости;Размер профиля не указан.;;;;
M137;Приложение А. Фасад;Фасад — отдельная последующая поставка;Стеклосетка, каркас планкена, крепёж, масло;"Сетка базового слоя; бруски 50×50/50×100; OSMO";—;компл.;13, 17–18;Нет количества;"Показаны в узлах; точного количества нет.";;;;
M138;Приложение Б. Настил террасы;Настил террасы — отдельная последующая поставка;Балка Б-1;100×200, L4000 мм;11;шт.;42;По ведомости;0,880 м³ по ведомости.;;;;
M139;Приложение Б. Настил террасы;Настил террасы — отдельная последующая поставка;Балка Б-2;100×200, L4960 мм;1;шт.;42;По ведомости;0,100 м³ по ведомости. Не путать с балками потолка.;;;;
M140;Приложение Б. Настил террасы;Настил террасы — отдельная последующая поставка;Техноэласт ЭПП;В местах опирания на фундамент;3,00;м²;42;По ведомости;;;;;
M141;Приложение Б. Настил террасы;Настил террасы — отдельная последующая поставка;Лаги;Grand Line 35×50, L3 м;26;шт.;42;Согласовать;В таблице ДПК, на разрезе алюминиевые — материал согласовать.;;;;
M142;Приложение Б. Настил террасы;Настил террасы — отдельная последующая поставка;Террасная доска;ДПК Grand Line, ширина 140 мм, L4 м;47;шт.;42;По ведомости;;;;;
M143;Приложение Б. Настил террасы;Настил террасы — отдельная последующая поставка;Кляммер основной;Металлический 8 мм, упаковка 35 шт.;15;упак.;42;По ведомости;525 шт. по пересчёту.;;;;
M144;Приложение Б. Настил террасы;Настил террасы — отдельная последующая поставка;Кляммер стартовый/финишный с саморезом;"Grand Line 8 мм, саморез 3,9×25; упаковка 10 шт.";10;упак.;42;По ведомости;100 комплектов по пересчёту.;;;;
M145;Приложение Б. Настил террасы;Настил террасы — отдельная последующая поставка;Саморез для кляммеров;Rizzel Pz 4,0×25, жёлтый цинк, 600 шт.;1;упак.;42;По ведомости;;;;;
M146;Приложение Б. Настил террасы;Настил террасы — отдельная последующая поставка;Уголок внешний;ДПК Grand Line 50×50, L3 м;6;шт.;42;По ведомости;;;;;
M147;Приложение Б. Настил террасы;Настил террасы — отдельная последующая поставка;Распорные анкеры балки Б-2;М16×250, шаг 500 мм;—;шт.;42;Нет количества;Нужно число/схема крепления к существующему фундаменту.;;;;
M148;Приложение Б. Настил террасы;Настил террасы — отдельная последующая поставка;Люк доступа к скважине;С потайной ручкой;1;компл.;42;Пересчёт;"По указанию на плане; размеры и исполнение не определены.";;;;
